[
  {
    "name": "Bronco",
    "address": "39 Rue des Petites Écuries, 75010 Paris",
    "rating": 3.8,
    "geometry": {
      "location": {
        "lat": 48.8737815,
        "lng": 2.3501649
      }
    },

    "reviews": [
      {
        "rating": 4,
        "text": "Great! But not many veggie options."
      },
      {
        "rating": 5,
        "text": "My favorite restaurant!"
      }
    ]
  },
  {
    "name": "Babalou",
    "address": "4 Rue Lamarck, 75018 Paris",
    "rating": 4.8,
    "geometry": {
      "location": {
        "lat": 48.8865035,
        "lng": 2.3442197
      }
    },
    "reviews": [
      {
        "rating": 5,
        "text": "Tiny pizzeria next to Sacre Coeur!"
      },
      {
        "rating": 3,
        "text": "Meh, it was fine."
      }
    ]
  }
]
